Workbook

Sheet orders
A1: Customer_ID | B1: Order_ID | C1: Order_Date | D1: City | E1: Area | F1: Restaurant_Name | G1: Cuisine_Type | H1: Item_Name | I1: Food_Type | J1: Quantity | K1: Price | L1: Total_Amount | M1: Delivery_Time (mins) | N1: Payment_Mode | O1: Customer_Rating | P1: Order_Month | Q1: Order_Week | R1: Order_Year | S1: Promo_Flag
A2: CUST_1 | B2: O0001 | C2: 45579 | D2: Chennai | E2: Anna Nagar | F2: Café Delight | G2: Italian | H2: Momos | I2: Veg | J2: 1 | K2: 461 | L2: 461 | M2: 30 | N2: UPI | O2: 4.1 | P2: =EOMONTH(Table1[[#This Row],[Order_Date]],0) -> 45596 | Q2: =WEEKNUM(Table1[[#This Row],[Order_Date]]) -> 42 | R2: =YEAR(Table1[[#This Row],[Order_Date]]) -> 2024 | S2: =IF(Table1[[#This Row],[Quantity]]>=3,"Promo","Regular") -> Regular
A3: CUST_2 | B3: O0002 | C3: 45488 | D3: Chennai | E3: Velachery | F3: Grill Masters | G3: Chinese | H3: Pasta | I3: Veg | J3: 3 | K3: 457 | L3: 1371 | M3: 42 | N3: UPI | O3: 3.4 | P3: =EOMONTH(Table1[[#This Row],[Order_Date]],0) -> 45504 | Q3: =WEEKNUM(Table1[[#This Row],[Order_Date]]) -> 29 | R3: =YEAR(Table1[[#This Row],[Order_Date]]) -> 2024 | S3: =IF(Table1[[#This Row],[Quantity]]>=3,"Promo","Regular") -> Promo
A4: CUST_3 | B4: O0003 | C4: 45412 | D4: Mumbai | E4: Dadar | F4: Burger Hub | G4: North Indian | H4: Veg Burger | I4: Veg | J4: 3 | K4: 373 | L4: 1119 | M4: 32 | N4: COD | O4: 4.3 | P4: =EOMONTH(Table1[[#This Row],[Order_Date]],0) -> 45412 | Q4: =WEEKNUM(Table1[[#This Row],[Order_Date]]) -> 18 | R4: =YEAR(Table1[[#This Row],[Order_Date]]) -> 2024 | S4: =IF(Table1[[#This Row],[Quantity]]>=3,"Promo","Regular") -> Promo
A5: CUST_4 | B5: O0004 | C5: 45555 | D5: Chennai | E5: Velachery | F5: Tandoori Tales | G5: South Indian | H5: Masala Dosa | I5: Veg | J5: 3 | K5: 424 | L5: 1272 | M5: 44 | N5: Card | O5: 4.1 | P5: =EOMONTH(Table1[[#This Row],[Order_Date]],0) -> 45565 | Q5: =WEEKNUM(Table1[[#This Row],[Order_Date]]) -> 38 | R5: =YEAR(Table1[[#This Row],[Order_Date]]) -> 2024 | S5: =IF(Table1[[#This Row],[Quantity]]>=3,"Promo","Regular") -> Promo
A6: CUST_5 | B6: O0005 | C6: 45359 | D6: Mumbai | E6: Andheri | F6: Chinese Bowl | G6: Chinese | H6: Momos | I6: Veg | J6: 5 | K6: 313 | L6: 1565 | M6: 30 | N6: COD | O6: 4.7 | P6: =EOMONTH(Table1[[#This Row],[Order_Date]],0) -> 45382 | Q6: =WEEKNUM(Table1[[#This Row],[Order_Date]]) -> 10 | R6: =YEAR(Table1[[#This Row],[Order_Date]]) -> 2024 | S6: =IF(Table1[[#This Row],[Quantity]]>=3,"Promo","Regular") -> Promo
A7: CUST_6 | B7: O0006 | C7: 45538 | D7: Delhi | E7: Connaught Place | F7: Urban Meals | G7: Indian | H7: Momos | I7: Veg | J7: 1 | K7: 431 | L7: 431 | M7: 54 | N7: Card | O7: 3 | P7: =EOMONTH(Table1[[#This Row],[Order_Date]],0) -> 45565 | Q7: =WEEKNUM(Table1[[#This Row],[Order_Date]]) -> 36 | R7: =YEAR(Table1[[#This Row],[Order_Date]]) -> 2024 | S7: =IF(Table1[[#This Row],[Quantity]]>=3,"Promo","Regular") -> Regular
A8: CUST_7 | B8: O0007 | C8: 45432 | D8: Hyderabad | E8: Begumpet | F8: Café Delight | G8: South Indian | H8: Fried Rice | I8: Veg | J8: 4 | K8: 495 | L8: 1980 | M8: 33 | N8: COD | O8: 4 | P8: =EOMONTH(Table1[[#This Row],[Order_Date]],0) -> 45443 | Q8: =WEEKNUM(Table1[[#This Row],[Order_Date]]) -> 21 | R8: =YEAR(Table1[[#This Row],[Order_Date]]) -> 2024 | S8: =IF(Table1[[#This Row],[Quantity]]>=3,"Promo","Regular") -> Promo
A9: CUST_8 | B9: O0008 | C9: 45375 | D9: Delhi | E9: Rohini | F9: Grill Masters | G9: Italian | H9: Sandwich | I9: Veg | J9: 4 | K9: 318 | L9: 1272 | M9: 46 | N9: COD | O9: 3.7 | P9: =EOMONTH(Table1[[#This Row],[Order_Date]],0) -> 45382 | Q9: =WEEKNUM(Table1[[#This Row],[Order_Date]]) -> 13 | R9: =YEAR(Table1[[#This Row],[Order_Date]]) -> 2024 | S9: =IF(Table1[[#This Row],[Quantity]]>=3,"Promo","Regular") -> Promo
A10: CUST_9 | B10: O0009 | C10: 45310 | D10: Mumbai | E10: Andheri | F10: Café Delight | G10: Chinese | H10: Pizza | I10: Veg | J10: 2 | K10: 220 | L10: 440 | M10: 46 | N10: UPI | O10: 4.2 | P10: =EOMONTH(Table1[[#This Row],[Order_Date]],0) -> 45322 | Q10: =WEEKNUM(Table1[[#This Row],[Order_Date]]) -> 3 | R10: =YEAR(Table1[[#This Row],[Order_Date]]) -> 2024 | S10: =IF(Table1[[#This Row],[Quantity]]>=3,"Promo","Regular") -> Regular
A11: CUST_10 | B11: O0010 | C11: 45383 | D11: Bangalore | E11: BTM Layout | F11: Urban Meals | G11: North Indian | H11: Chicken Biryani | I11: Non-Veg | J11: 5 | K11: 158 | L11: 790 | M11: 46 | N11: COD | O11: 3.2 | P11: =EOMONTH(Table1[[#This Row],[Order_Date]],0) -> 45412 | Q11: =WEEKNUM(Table1[[#This Row],[Order_Date]]) -> 14 | R11: =YEAR(Table1[[#This Row],[Order_Date]]) -> 2024 | S11: =IF(Table1[[#This Row],[Quantity]]>=3,"Promo","Regular") -> Promo
A12: CUST_11 | B12: O0011 | C12: 45580 | D12: Bangalore | E12: Whitefield | F12: Chinese Bowl | G12: Italian | H12: Pasta | I12: Veg | J12: 3 | K12: 264 | L12: 792 | M12: 21 | N12: UPI | O12: 3.9 | P12: =EOMONTH(Table1[[#This Row],[Order_Date]],0) -> 45596 | Q12: =WEEKNUM(Table1[[#This Row],[Order_Date]]) -> 42 | R12: =YEAR(Table1[[#This Row],[Order_Date]]) -> 2024 | S12: =IF(Table1[[#This Row],[Quantity]]>=3,"Promo","Regular") -> Promo
A13: CUST_12 | B13: O0012 | C13: 45441 | D13: Hyderabad | E13: Kukatpally | F13: South Spice | G13: South Indian | H13: Paneer Tikka | I13: Veg | J13: 4 | K13: 387 | L13: 1548 | M13: 52 | N13: COD | O13: 4 | P13: =EOMONTH(Table1[[#This Row],[Order_Date]],0) -> 45443 | Q13: =WEEKNUM(Table1[[#This Row],[Order_Date]]) -> 22 | R13: =YEAR(Table1[[#This Row],[Order_Date]]) -> 2024 | S13: =IF(Table1[[#This Row],[Quantity]]>=3,"Promo","Regular") -> Promo
... A1611: CUST_588 | B1611: O1610 | C1611: 45292 | D1611: Chennai | E1611: Anna Nagar | F1611: Grill Masters | G1611: North Indian | H1611: Momos | I1611: Veg | J1611: 2 | K1611: 308 | L1611: 616 | M1611: 28 | N1611: Card | O1611: 3.6 | P1611: =EOMONTH(Table1[[#This Row],[Order_Date]],0) -> 45322 | Q1611: =WEEKNUM(Table1[[#This Row],[Order_Date]]) -> 1 | R1611: =YEAR(Table1[[#This Row],[Order_Date]]) -> 2024 | S1611: =IF(Table1[[#This Row],[Quantity]]>=3,"Promo","Regular") -> Regular

Sheet customer model
A1: Row Labels | B1: Last_Order_Date | C1: Monetary | D1: Frequency | E1: Recency_Days | F1: Recency Score | G1: Frequency Score | H1: Monetary Score | I1: RFM Code | J1: Customer_Segment | K1: Churn_Status | L1: Risk Tier | M1: Used_Promo
A2: CUST_1 | B2: 45579 | C2: 461 | D2: 1 | E2: 13 | F2: 5 | G2: 2 | H2: 1 | I2: =F2&G2&H2 -> 521 | J2: Recent Customers | K2: Active | L2: =IF(E4<=30,"Low Risk", IF(E2<=60,"Moderate Risk", IF(E2<=90,"High Risk", IF(E2<=180,"Very High Risk","Critical Risk")))) -> Low Risk | M2: =IFERROR(VLOOKUP(A11,Promo_Pivot!A:C,3,FALSE),"No") -> Yes | N2: Analysis Date | O2: =MAX(B2:B589) -> 45592
A3: CUST_10 | B3: 45383 | C3: 790 | D3: 1 | E3: 209 | F3: 1 | G3: 2 | H3: 1 | I3: =F3&G3&H3 -> 121 | J3: At Risk | K3: Churned | L3: =IF(E5<=30,"Low Risk", IF(E3<=60,"Moderate Risk", IF(E3<=90,"High Risk", IF(E3<=180,"Very High Risk","Critical Risk")))) -> Critical Risk | M3: =IFERROR(VLOOKUP(A12,Promo_Pivot!A:C,3,FALSE),"No") -> Yes | N3: Total Customers | O3: =COUNTA(A2:A589) -> 588
A4: CUST_100 | B4: 45574 | C4: 1392 | D4: 1 | E4: 18 | F4: 5 | G4: 2 | H4: 2 | I4: =F4&G4&H4 -> 522 | J4: Recent Customers | K4: Active | L4: =IF(E6<=30,"Low Risk", IF(E4<=60,"Moderate Risk", IF(E4<=90,"High Risk", IF(E4<=180,"Very High Risk","Critical Risk")))) -> Moderate Risk | M4: =IFERROR(VLOOKUP(A13,Promo_Pivot!A:C,3,FALSE),"No") -> Yes | N4: Churned Customers | O4: =COUNTIF(K2:K589,"Churned") -> 234
A5: CUST_101 | B5: 45461 | C5: 327 | D5: 1 | E5: 131 | F5: 2 | G5: 2 | H5: 1 | I5: =F5&G5&H5 -> 221 | J5: At Risk | K5: Churned | L5: =IF(E7<=30,"Low Risk", IF(E5<=60,"Moderate Risk", IF(E5<=90,"High Risk", IF(E5<=180,"Very High Risk","Critical Risk")))) -> Very High Risk | M5: =IFERROR(VLOOKUP(A14,Promo_Pivot!A:C,3,FALSE),"No") -> Yes | N5: Churn Rate % | O5: =O4 / O3 -> 0.39795918
A6: CUST_102 | B6: 45484 | C6: 108 | D6: 1 | E6: 108 | F6: 2 | G6: 2 | H6: 1 | I6: =F6&G6&H6 -> 221 | J6: At Risk | K6: Churned | L6: =IF(E8<=30,"Low Risk", IF(E6<=60,"Moderate Risk", IF(E6<=90,"High Risk", IF(E6<=180,"Very High Risk","Critical Risk")))) -> Very High Risk | M6: =IFERROR(VLOOKUP(A15,Promo_Pivot!A:C,3,FALSE),"No") -> Yes | N6: Revenue from Churned Customers: | O6: =SUMIF(K2:K589,"Churned",C2:C589) -> 391412
A7: CUST_103 | B7: 45405 | C7: 930 | D7: 1 | E7: 187 | F7: 1 | G7: 2 | H7: 2 | I7: =F7&G7&H7 -> 122 | J7: At Risk | K7: Churned | L7: =IF(E9<=30,"Low Risk", IF(E7<=60,"Moderate Risk", IF(E7<=90,"High Risk", IF(E7<=180,"Very High Risk","Critical Risk")))) -> Critical Risk | M7: =IFERROR(VLOOKUP(A16,Promo_Pivot!A:C,3,FALSE),"No") -> Yes | N7: Revenue from Active Customers: | O7: =SUMIF(K2:K589,"Active",C2:C589) -> 980749
A8: CUST_104 | B8: 45422 | C8: 1140 | D8: 1 | E8: 170 | F8: 1 | G8: 2 | H8: 2 | I8: =F8&G8&H8 -> 122 | J8: At Risk | K8: Churned | L8: =IF(E10<=30,"Low Risk", IF(E8<=60,"Moderate Risk", IF(E8<=90,"High Risk", IF(E8<=180,"Very High Risk","Critical Risk")))) -> Low Risk | M8: =IFERROR(VLOOKUP(A17,Promo_Pivot!A:C,3,FALSE),"No") -> Yes | N8: Total Revenue: | O8: =SUM(C2:C589) -> 1372161
A9: CUST_105 | B9: 45541 | C9: 852 | D9: 1 | E9: 51 | F9: 4 | G9: 2 | H9: 1 | I9: =F9&G9&H9 -> 421 | J9: Recent Customers | K9: Active | L9: =IF(E11<=30,"Low Risk", IF(E9<=60,"Moderate Risk", IF(E9<=90,"High Risk", IF(E9<=180,"Very High Risk","Critical Risk")))) -> Moderate Risk | M9: =IFERROR(VLOOKUP(A18,Promo_Pivot!A:C,3,FALSE),"No") -> Yes | N9: Revenue % from Churned: | O9: =O6/O8 -> 0.28525224
A10: CUST_106 | B10: 45586 | C10: 480 | D10: 1 | E10: 6 | F10: 5 | G10: 2 | H10: 1 | I10: =F10&G10&H10 -> 521 | J10: Recent Customers | K10: Active | L10: =IF(E12<=30,"Low Risk", IF(E10<=60,"Moderate Risk", IF(E10<=90,"High Risk", IF(E10<=180,"Very High Risk","Critical Risk")))) -> Moderate Risk | M10: =IFERROR(VLOOKUP(A19,Promo_Pivot!A:C,3,FALSE),"No") -> Yes
A11: CUST_107 | B11: 45526 | C11: 1332 | D11: 1 | E11: 66 | F11: 3 | G11: 2 | H11: 2 | I11: =F11&G11&H11 -> 322 | J11: Potential Loyalist | K11: Active | L11: =IF(E13<=30,"Low Risk", IF(E11<=60,"Moderate Risk", IF(E11<=90,"High Risk", IF(E11<=180,"Very High Risk","Critical Risk")))) -> Low Risk | M11: =IFERROR(VLOOKUP(A20,Promo_Pivot!A:C,3,FALSE),"No") -> Yes
A12: CUST_108 | B12: 45504 | C12: 1444 | D12: 1 | E12: 88 | F12: 3 | G12: 2 | H12: 2 | I12: =F12&G12&H12 -> 322 | J12: Potential Loyalist | K12: Active | L12: =IF(E14<=30,"Low Risk", IF(E12<=60,"Moderate Risk", IF(E12<=90,"High Risk", IF(E12<=180,"Very High Risk","Critical Risk")))) -> Low Risk | M12: =IFERROR(VLOOKUP(A21,Promo_Pivot!A:C,3,FALSE),"No") -> Yes
A13: CUST_109 | B13: 45565 | C13: 158 | D13: 1 | E13: 27 | F13: 5 | G13: 2 | H13: 1 | I13: =F13&G13&H13 -> 521 | J13: Recent Customers | K13: Active | L13: =IF(E15<=30,"Low Risk", IF(E13<=60,"Moderate Risk", IF(E13<=90,"High Risk", IF(E13<=180,"Very High Risk","Critical Risk")))) -> Moderate Risk | M13: =IFERROR(VLOOKUP(A22,Promo_Pivot!A:C,3,FALSE),"No") -> Yes
A14: CUST_11 | B14: 45580 | C14: 792 | D14: 1 | E14: 12 | F14: 5 | G14: 2 | H14: 1 | I14: =F14&G14&H14 -> 521 | J14: Recent Customers | K14: Active | L14: =IF(E16<=30,"Low Risk", IF(E14<=60,"Moderate Risk", IF(E14<=90,"High Risk", IF(E14<=180,"Very High Risk","Critical Risk")))) -> Moderate Risk | M14: =IFERROR(VLOOKUP(A23,Promo_Pivot!A:C,3,FALSE),"No") -> Yes
A15: CUST_110 | B15: 45474 | C15: 232 | D15: 1 | E15: 118 | F15: 2 | G15: 2 | H15: 1 | I15: =F15&G15&H15 -> 221 | J15: At Risk | K15: Churned | L15: =IF(E17<=30,"Low Risk", IF(E15<=60,"Moderate Risk", IF(E15<=90,"High Risk", IF(E15<=180,"Very High Risk","Critical Risk")))) -> Very High Risk | M15: =IFERROR(VLOOKUP(A24,Promo_Pivot!A:C,3,FALSE),"No") -> Yes
A16: CUST_111 | B16: 45429 | C16: 990 | D16: 1 | E16: 163 | F16: 1 | G16: 2 | H16: 2 | I16: =F16&G16&H16 -> 122 | J16: At Risk | K16: Churned | L16: =IF(E18<=30,"Low Risk", IF(E16<=60,"Moderate Risk", IF(E16<=90,"High Risk", IF(E16<=180,"Very High Risk","Critical Risk")))) -> Low Risk | M16: =IFERROR(VLOOKUP(A25,Promo_Pivot!A:C,3,FALSE),"No") -> Yes
A17: CUST_112 | B17: 45523 | C17: 495 | D17: 1 | E17: 69 | F17: 3 | G17: 2 | H17: 1 | I17: =F17&G17&H17 -> 321 | J17: Potential Loyalist | K17: Active | L17: =IF(E19<=30,"Low Risk", IF(E17<=60,"Moderate Risk", IF(E17<=90,"High Risk", IF(E17<=180,"Very High Risk","Critical Risk")))) -> High Risk | M17: =IFERROR(VLOOKUP(A26,Promo_Pivot!A:C,3,FALSE),"No") -> Yes
A18: CUST_113 | B18: 45587 | C18: 1845 | D18: 1 | E18: 5 | F18: 5 | G18: 2 | H18: 3 | I18: =F18&G18&H18 -> 523 | J18: Recent Customers | K18: Active | L18: =IF(E20<=30,"Low Risk", IF(E18<=60,"Moderate Risk", IF(E18<=90,"High Risk", IF(E18<=180,"Very High Risk","Critical Risk")))) -> Moderate Risk | M18: =IFERROR(VLOOKUP(A27,Promo_Pivot!A:C,3,FALSE),"No") -> Yes
A19: CUST_114 | B19: 45552 | C19: 712 | D19: 1 | E19: 40 | F19: 4 | G19: 2 | H19: 1 | I19: =F19&G19&H19 -> 421 | J19: Recent Customers | K19: Active | L19: =IF(E21<=30,"Low Risk", IF(E19<=60,"Moderate Risk", IF(E19<=90,"High Risk", IF(E19<=180,"Very High Risk","Critical Risk")))) -> Moderate Risk | M19: =IFERROR(VLOOKUP(A28,Promo_Pivot!A:C,3,FALSE),"No") -> Yes
A20: CUST_115 | B20: 45466 | C20: 786 | D20: 1 | E20: 126 | F20: 2 | G20: 2 | H20: 1 | I20: =F20&G20&H20 -> 221 | J20: At Risk | K20: Churned | L20: =IF(E22<=30,"Low Risk", IF(E20<=60,"Moderate Risk", IF(E20<=90,"High Risk", IF(E20<=180,"Very High Risk","Critical Risk")))) -> Very High Risk | M20: =IFERROR(VLOOKUP(A29,Promo_Pivot!A:C,3,FALSE),"No") -> Yes
A21: CUST_116 | B21: 45554 | C21: 1930 | D21: 1 | E21: 38 | F21: 4 | G21: 2 | H21: 3 | I21: =F21&G21&H21 -> 423 | J21: Recent Customers | K21: Active | L21: =IF(E23<=30,"Low Risk", IF(E21<=60,"Moderate Risk", IF(E21<=90,"High Risk", IF(E21<=180,"Very High Risk","Critical Risk")))) -> Moderate Risk | M21: =IFERROR(VLOOKUP(A30,Promo_Pivot!A:C,3,FALSE),"No") -> Yes
... A589: CUST_99 | B589: 45455 | C589: 966 | D589: 1 | E589: 137 | F589: 2 | G589: 2 | H589: 2 | I589: =F589&G589&H589 -> 222 | J589: At Risk | K589: Churned | L589: =IF(E591<=30,"Low Risk", IF(E589<=60,"Moderate Risk", IF(E589<=90,"High Risk", IF(E589<=180,"Very High Risk","Critical Risk")))) -> Low Risk | M589: =IFERROR(VLOOKUP(A598,Promo_Pivot!A:C,3,FALSE),"No") -> No

Sheet Sheet2
A3: Row Labels | B3: Average of Recency_Days | C3: Count of Row Labels | D3: Average of Frequency | E3: Average of Monetary
A4: Active | B4: 40.864407 | C4: 354 | D4: 3.2259887 | E4: 2770.4774
A5: Churned | B5: 162.8547 | C5: 234 | D5: 2 | E5: 1672.7009
A6: Grand Total | B6: 89.411565 | C6: 588 | D6: 2.7380952 | E6: 2333.6071

Sheet Sheet3
A3: Row Labels | B3: Sum of Monetary | C3: Count of Row Labels
A4: Critical Risk | B4: 103417 | C4: 76
A5: High Risk | B5: 195985 | C5: 69
A6: Low Risk | B6: 346450 | C6: 132
A7: Moderate Risk | B7: 521780 | C7: 199
A8: Very High Risk | B8: 204529 | C8: 112
A9: Grand Total | B9: 1372161 | C9: 588

Sheet Sheet4
A3: Row Labels | B3: Sum of Total_Amount | C3: 3-Month Moving Avg
A4: Jan | B4: 149365
A5: Feb | B5: 113348
A6: Mar | B6: 136290 | C6: =AVERAGE(B4:B6) -> 133001
A7: Apr | B7: 165172 | C7: =AVERAGE(B5:B7) -> 138270
A8: May | B8: 123285 | C8: =AVERAGE(B6:B8) -> 141582.33
A9: Jun | B9: 110174 | C9: =AVERAGE(B7:B9) -> 132877
A10: Jul | B10: 156626 | C10: =AVERAGE(B8:B10) -> 130028.33
A11: Aug | B11: 160019 | C11: =AVERAGE(B9:B11) -> 142273
A12: Sep | B12: 161381 | C12: =AVERAGE(B10:B12) -> 159342
A13: Oct | B13: 96501 | C13: =AVERAGE(B11:B13) -> 139300.33
A14: Grand Total | B14: 1372161 | C14: =AVERAGE(B12:B14) -> 543347.67

Sheet Promo_Pivot
A3: Row Labels | B3: Count of Promo_Flag | C3: Used_Promo
A4: CUST_1 | B4: 1 | C4: =IF(B4>0,"Yes","No") -> Yes
A5: CUST_10 | B5: 1 | C5: =IF(B5>0,"Yes","No") -> Yes
A6: CUST_100 | B6: 1 | C6: =IF(B6>0,"Yes","No") -> Yes
A7: CUST_101 | B7: 1 | C7: =IF(B7>0,"Yes","No") -> Yes
A8: CUST_102 | B8: 1 | C8: =IF(B8>0,"Yes","No") -> Yes
A9: CUST_103 | B9: 1 | C9: =IF(B9>0,"Yes","No") -> Yes
A10: CUST_104 | B10: 1 | C10: =IF(B10>0,"Yes","No") -> Yes
A11: CUST_105 | B11: 1 | C11: =IF(B11>0,"Yes","No") -> Yes
A12: CUST_106 | B12: 1 | C12: =IF(B12>0,"Yes","No") -> Yes
A13: CUST_107 | B13: 1 | C13: =IF(B13>0,"Yes","No") -> Yes
A14: CUST_108 | B14: 1 | C14: =IF(B14>0,"Yes","No") -> Yes
A15: CUST_109 | B15: 1 | C15: =IF(B15>0,"Yes","No") -> Yes
... A592: Grand Total | B592: 1610 | C592: =IF(B592>0,"Yes","No") -> Yes

Sheet Sheet6
A3: Row Labels | B3: Count of Order_ID | C3: Sum of Total_Amount | D3: Average of Total_Amount
A4: Promo | B4: 981 | C4: 1094132 | D4: 1115.3231
A5: Regular | B5: 629 | C5: 278029 | D5: 442.01749
A6: Grand Total | B6: 1610 | C6: 1372161 | D6: 852.27391

Sheet Sheet7
A3: Row Labels | B3: Count of Row Labels
A4: No
A5: Active | B5: 3 | F5: Rate for Non-Promo Users | G5: =6 / 9 -> 0.66666667
A6: Churned | B6: 6 | F6: Rate for Promo Users | G6: =228 / 579 -> 0.39378238
A7: Yes
A8: Active | B8: 351
A9: Churned | B9: 228
A10: Grand Total | B10: 588

Sheet Executive Summary
A1: AI-Driven Customer Intelligence & Revenue Optimization
A3: Analysis Period End Date: 27-Oct-2024
A5: Total Customers | D5: Churn Rate
A6: 588 | D6: 0.398
A8: Revenue at Risk | D8: Top 20% Revenue Contribution
A9: 0.285 | D9: ~70%
A11: Key Insights
A12: Revenue is highly concentrated among top-tier (Champion) customers. Approximately 40% of customers are inactive beyond the 90-day threshold. Revenue exposure from churn is limited to ~28.5%, indicating churn is concentrated in lower-value segments. Promotional engagement is associated with lower churn rates. Revenue shows mid-year growth followed by decline in October.
A23: Strategic Recommendations
A24: Protect Champions through loyalty and retention programs. Implement early-intervention campaigns for 60–90 day inactive customers. Use targeted promotions instead of blanket discounting. Monitor seasonal dips and adjust operational planning. Develop automated churn monitoring dashboard.
